membrane_mwco,pure_water_flux,pollutant_mw,membrane_zeta,pollutant_charge,membrane_contact_angle,pollutant_iogd,rejection
200.74,15.17,230.37,-17.23,-0.19,40.03,3.25,51.4
311.98,14.54,220.03,-9.55,0.31,32.22,3.58,52.29
290.45,18.29,211.09,-9.61,0.13,40.53,2.26,49.25
172.06,8.74,216.72,-10.67,0.21,35.82,2.45,59.56
278.14,14.18,214.3,-9.9,-0.95,39.57,3.95,67.63
207.57,14.42,211.46,-10.84,-1.07,40.55,3.93,62.26
136.14,7.91,196.01,-6.47,-0.89,46.47,3.76,48.1
244.69,12.55,217.84,-15.64,0.22,43.6,2.63,45.13
373.41,18.49,246.75,-12.83,-1.09,21.69,1.35,37.93
353.11,20.85,239.83,-10.51,-0.07,20.87,3.4,51.24
163.35,13.02,294.16,-16.68,-1.35,33.38,5.0,70.0
212.1,9.51,274.87,-11.69,-0.84,35.24,4.83,55.89
137.95,7.82,242.91,-6.63,-0.86,52.64,0.58,53.99
263.23,11.1,193.71,-15.94,-1.09,40.07,3.73,57.22
433.86,18.73,260.86,-14.7,-0.74,14.57,0.78,41.82
301.9,13.89,227.55,-7.04,0.09,47.68,2.73,49.13
329.74,15.97,214.29,-10.66,-0.15,42.22,3.0,58.17
347.33,16.03,199.09,-16.99,-0.09,26.83,2.21,49.95
416.0,18.95,210.36,-12.69,-1.01,31.73,4.13,53.42
381.49,18.87,211.28,-6.9,-1.2,20.72,4.37,56.42
254.15,14.53,244.3,-15.52,-1.01,29.02,1.14,60.99
436.92,17.42,248.85,-10.07,-1.16,22.71,0.61,47.73
373.53,17.6,209.24,-10.82,0.06,22.81,2.6,45.76
300.14,15.28,233.12,-4.67,-0.18,31.71,3.14,53.86
204.13,11.56,208.42,-18.48,-0.21,36.5,3.33,57.26
120.6,6.96,215.81,-6.79,-0.06,46.39,2.35,53.52
423.83,14.98,207.7,-16.36,-0.93,30.86,3.84,57.72
316.17,14.96,301.67,-12.63,-1.13,41.66,4.97,71.6
184.03,7.99,282.44,-14.33,-1.02,31.17,4.68,62.74
247.13,12.57,236.3,-14.87,-0.61,32.86,0.88,54.41
206.26,9.95,197.72,-12.44,-0.85,33.52,4.1,59.61
182.23,9.22,264.07,-22.77,-0.86,29.54,0.34,56.95
95.4,9.93,279.48,-6.44,-0.73,45.1,4.83,61.34
295.43,18.2,250.29,-9.16,-1.19,35.96,1.06,54.05
260.01,17.92,211.93,-11.96,-0.01,37.81,2.58,53.54
293.55,17.56,213.3,-9.23,-0.04,49.23,2.79,48.98
152.85,14.87,204.45,-11.79,0.1,44.55,2.79,48.61
77.55,6.96,224.87,-8.39,0.05,40.36,2.45,60.81
418.12,17.01,210.96,-8.39,-1.03,23.39,3.8,51.25
230.73,14.04,211.24,-13.11,-0.08,37.29,2.55,50.53
181.26,12.71,292.18,-13.3,-0.98,40.12,4.2,63.82
92.61,6.84,281.64,-4.61,-0.86,38.34,4.75,59.96
235.14,10.36,210.23,-18.31,-0.1,33.7,2.06,54.36
226.39,16.88,214.03,-4.08,-0.14,42.64,2.25,59.39
425.34,17.82,213.71,-13.77,-0.27,23.16,2.6,37.83
268.5,13.91,259.86,-11.77,-1.04,40.55,0.74,64.47
405.63,17.74,306.84,-8.38,-0.9,34.08,4.89,48.82
110.19,7.2,251.45,-8.89,0.17,47.58,3.32,59.58
182.62,9.6,283.47,-19.54,-0.83,35.24,4.54,61.46
399.07,21.3,198.78,-10.39,-1.13,27.41,3.97,52.26
53.36,7.19,309.53,-5.49,-0.86,42.58,4.76,61.69
403.86,17.99,199.97,-11.75,0.12,27.86,2.09,53.73
337.75,17.19,282.83,-7.11,-1.0,39.87,5.09,60.05
402.6,18.72,281.32,-20.54,-0.88,22.07,4.82,66.3
348.04,16.05,199.59,-13.89,0.33,49.36,2.04,45.12
113.08,10.16,201.79,-11.01,0.04,46.54,2.36,55.97
315.03,17.37,234.36,-11.96,0.24,36.14,3.61,52.6
426.86,18.92,196.09,-10.98,-0.46,24.96,3.99,52.53
177.12,10.48,209.23,-17.12,-0.91,24.48,3.64,56.66
130.5,6.46,280.66,-8.61,-1.12,51.86,4.68,54.62
205.29,12.34,208.36,-19.23,0.16,40.48,2.72,54.55
181.83,10.09,258.12,-11.79,-0.84,31.34,0.71,58.75
89.84,9.63,200.75,-7.28,-1.17,38.97,3.81,60.47
292.81,17.3,231.54,-7.51,-1.27,43.81,0.67,61.15
201.61,16.27,210.53,-18.4,0.22,30.71,3.1,49.97
405.0,21.36,278.29,-11.81,-1.4,30.74,4.28,52.19
62.59,6.26,241.14,-11.22,0.36,43.84,3.18,47.57
168.65,15.1,196.62,-14.59,-0.94,38.13,4.39,56.1
222.9,12.22,196.6,-8.49,-0.87,30.3,4.25,64.08
262.28,15.55,188.61,-11.84,-1.19,28.92,4.02,53.1
188.2,9.11,294.92,-11.6,-1.27,37.36,4.56,66.7
391.35,16.59,243.55,-11.26,-1.05,29.27,1.12,48.04
374.45,19.25,263.36,-9.86,-0.84,21.65,0.91,44.54
318.13,18.32,232.68,-9.47,0.07,48.81,3.47,52.46
421.96,18.16,215.69,-11.01,-0.06,19.55,2.39,44.14
140.11,7.66,208.01,-11.52,-1.0,50.53,4.17,59.23
235.68,9.48,257.49,-13.47,-1.21,35.88,0.57,67.7
289.55,15.89,220.08,-7.72,0.57,42.74,3.57,51.29
101.66,8.3,216.52,-10.04,-0.17,51.1,3.26,43.1
123.3,8.41,192.53,-11.4,-0.81,44.28,4.46,52.08
188.34,7.21,209.23,-14.13,0.12,31.55,2.4,57.52
383.21,19.08,233.2,-8.43,-0.03,23.95,3.13,41.7
93.08,10.1,257.42,-6.92,-1.1,48.51,0.53,48.43
84.6,11.44,208.91,-3.67,-1.12,52.98,3.88,56.71
105.36,6.79,214.78,-7.05,0.29,35.79,3.15,60.08
173.18,11.84,201.83,-19.64,-0.75,34.91,4.27,59.87
276.36,14.03,255.3,-11.45,-0.99,41.94,0.38,53.58
145.29,4.26,222.42,-10.43,0.27,39.38,2.24,54.58
432.88,21.42,219.58,-9.03,-0.95,23.1,3.64,53.78
266.37,18.52,209.61,-13.15,0.12,36.8,2.14,49.24
71.61,7.52,228.96,-8.89,-0.44,43.69,2.71,53.7
304.56,12.39,247.6,-14.43,-1.21,40.11,1.22,53.13
277.94,12.7,206.57,-5.45,-0.73,38.32,4.23,50.4
228.78,12.14,237.74,-18.45,0.02,36.81,3.8,64.35
241.98,10.56,283.22,-19.72,-1.13,41.54,5.22,85.31
269.5,14.03,218.14,-13.49,-0.77,34.49,3.83,60.26
235.85,12.23,207.97,-15.56,0.07,37.49,2.87,56.06
226.52,10.54,304.24,-13.12,-1.16,34.77,4.49,79.4
305.95,13.99,216.7,-11.98,-0.01,40.2,2.74,49.07
303.13,17.32,216.03,-11.93,-0.07,40.42,2.47,50.62
50,7.75,197.22,-12.47,-0.82,45.24,3.89,59.86
203.47,13.35,229.75,-17.14,-0.08,34.13,2.57,59.44
406.75,18.82,291.8,-16.08,-1.56,26.76,5.39,66.56
83.3,10.76,207.98,-13.53,-0.99,48.22,4.32,60.03
333.5,14.62,220.2,-8.91,-0.19,33.46,3.01,45.71
77.54,8.61,255.58,-8.8,-1.06,49.41,1.27,54.04
109.11,7.37,227.38,-7.29,0.2,39.42,2.65,55.39
94.57,9.93,218.02,-4.42,-0.06,36.32,3.3,57.34
187.94,14.06,240.21,-13.59,-0.02,33.59,3.26,53.97
165.68,8.69,309.12,-6.79,-1.0,44.53,4.7,58.3
71.52,10.97,211.44,-6.17,-0.84,42.16,4.6,55.96
181.0,12.7,205.26,-13.48,-1.25,33.57,3.86,60.44
443.15,18.47,291.21,-12.91,-0.96,18.48,4.37,45.95
94.63,8.57,206.9,-9.17,-1.22,43.8,4.04,55.66
377.55,19.41,236.27,-11.6,0.29,21.26,4.12,49.26
92.68,8.18,196.25,-8.93,-1.1,41.33,3.94,54.75
443.86,17.94,258.18,-20.13,-1.31,24.03,0.41,50.42
95.97,9.84,286.08,-6.67,-0.89,47.42,4.94,69.66
424.93,16.37,239.97,-13.47,0.22,20.11,3.27,47.4
152.16,9.39,194.33,-6.65,-0.79,38.52,3.76,48.49
171.1,10.41,242.71,-12.81,0.04,33.22,3.34,53.55
166.34,8.63,250.61,-4.86,-1.04,44.24,1.25,54.74
101.57,11.96,221.8,-10.41,0.03,46.08,2.54,56.29
277.91,14.37,287.46,-11.4,-0.75,31.85,4.6,67.49
165.17,11.65,241.21,-12.69,0.24,29.04,3.18,51.02
77.6,8.01,237.87,-9.35,-0.06,43.88,3.41,62.14
71.53,12.0,203.39,-5.78,-0.07,49.51,2.51,51.72
55.25,7.71,256.56,-5.19,-0.74,43.39,1.43,55.98
202.58,12.66,282.53,-11.0,-0.81,33.42,4.48,62.67
130.7,6.35,223.16,-9.31,-0.08,42.71,2.35,64.04
92.82,7.67,243.15,-11.45,-1.12,40.36,0.69,66.68
157.99,6.5,223.78,-6.99,-0.09,39.03,3.47,50.44
367.31,15.34,198.74,-10.9,-0.88,26.87,3.63,54.52
309.62,13.52,226.98,-5.92,-0.21,35.54,2.95,54.9
285.52,15.22,205.94,-14.35,-0.26,32.44,2.9,53.63
418.2,17.14,276.19,-10.46,-1.16,27.03,4.67,56.62
192.68,13.1,221.73,-15.18,-0.94,31.53,4.16,56.85
430.88,17.55,301.82,-12.11,-0.99,27.96,4.59,52.11
106.41,8.44,205.45,-11.12,-0.8,47.49,4.25,58.26
102.47,10.71,219.17,-9.2,-0.02,45.22,2.94,56.7
193.91,11.51,288.06,-15.45,-1.13,37.62,5.16,70.55
84.27,4.96,213.06,-4.37,-0.9,47.71,4.75,47.5
102.35,7.68,194.57,-6.89,-0.82,38.04,3.93,50.9
90.34,12.6,226.64,-12.37,0.36,36.74,3.27,48.83
316.12,14.35,194.71,-7.59,-1.0,35.88,3.88,53.48
180.86,14.69,197.2,-12.09,-0.96,41.92,4.12,51.66
444.11,18.89,300.19,-9.3,-0.97,20.11,5.15,49.41
401.17,23.21,280.94,-7.24,-1.2,27.89,4.98,49.56
254.2,16.27,236.02,-12.59,-0.02,42.42,3.48,49.37
89.12,7.91,211.93,-9.62,-0.03,47.17,3.01,53.12
159.94,11.82,243.26,-15.47,0.21,29.09,3.49,56.38
216.51,8.74,226.52,-14.47,0.03,36.39,3.75,61.89
328.74,16.24,236.93,-9.44,-0.28,28.71,3.6,50.6
441.74,18.02,292.7,-14.27,-1.15,26.98,5.02,55.12
50,4.62,256.24,-0.88,-1.07,48.44,1.31,63.14
337.8,20.52,288.22,-12.35,-1.04,27.39,4.96,58.42
344.28,15.38,239.3,-11.79,0.08,24.28,3.57,48.83
193.96,10.52,195.7,-14.13,-0.65,35.96,4.12,55.85
356.21,19.6,206.24,-17.72,-0.93,26.85,4.35,56.41
50,7.01,224.59,-11.24,0.1,47.06,3.33,48.46
50.9,6.35,207.25,-7.99,-0.16,44.48,3.2,52.97
233.6,16.98,207.12,-8.28,-0.99,36.17,3.48,57.94
405.08,19.53,222.28,-11.22,-0.16,26.77,2.52,49.06
54.11,8.48,227.21,-13.16,0.14,61.61,2.53,42.14
411.1,17.6,238.96,-12.82,0.02,21.58,3.27,56.6
310.67,14.72,212.25,-7.94,-1.13,34.72,3.74,51.38
198.26,15.37,296.16,-10.74,-1.02,32.19,5.22,75.76
195.48,12.37,235.96,-17.58,-0.07,39.42,3.83,56.91
308.44,12.33,245.29,-12.27,-0.76,41.93,0.94,55.63
219.65,11.7,230.94,-15.23,-0.93,35.62,0.51,56.16
117.32,9.88,205.56,-5.26,-1.14,41.58,3.66,62.78
125.49,9.25,289.54,-5.91,-0.68,46.61,4.35,57.6
85.11,11.69,208.58,-10.46,0.02,45.71,3.17,54.02
439.23,20.58,231.87,-10.54,-0.22,31.97,3.25,52.03
123.77,8.11,212.57,-7.06,-0.25,49.32,2.91,56.87
254.16,16.66,292.24,-10.71,-0.77,39.77,4.67,70.72
259.32,13.17,213.9,-19.21,-0.99,36.78,4.04,64.71
307.7,12.94,239.81,-6.03,0.09,48.38,2.2,58.12
164.99,14.55,203.15,-16.82,-1.24,42.5,3.46,56.0
359.04,19.06,216.07,-9.82,-0.89,23.71,4.42,48.01
107.43,4.93,254.39,-10.51,-1.18,60.67,0.7,52.67
298.85,16.29,255.13,-7.26,-1.11,42.95,0.84,60.91
296.64,17.08,279.63,-11.06,-1.04,38.4,4.98,61.74
297.9,13.51,230.89,-8.79,-0.09,38.7,3.22,48.65
151.81,10.48,279.37,-13.75,-0.94,30.66,4.74,61.97
90.26,6.59,207.13,-6.72,-0.97,49.77,4.0,47.93
61.36,1.59,300.18,-5.74,-1.07,45.1,5.13,66.01
367.21,14.37,226.05,-13.39,-1.0,37.5,4.44,56.83
452.4,19.67,200.84,-11.35,-0.81,20.55,4.3,59.71
98.94,8.46,280.81,-5.4,-1.15,50.3,4.62,57.99
216.75,8.77,292.11,-16.55,-1.04,42.57,4.27,74.74
101.78,7.25,221.52,-8.83,-0.91,51.2,3.86,52.83
213.14,15.93,226.28,-16.33,-0.15,37.27,2.81,61.16
108.11,6.61,292.31,-1.32,-0.93,36.72,4.5,52.13
409.27,20.56,282.55,-13.93,-0.79,23.17,4.62,51.98
200.24,10.7,274.03,-12.8,-0.78,40.38,4.88,55.78
407.02,15.85,260.87,-11.62,-0.81,26.97,0.69,39.14
219.95,13.46,230.52,-16.82,-0.06,31.62,3.14,56.52
64.94,3.71,244.88,-7.12,0.1,41.15,3.13,57.88
223.73,10.09,304.91,-12.86,-1.21,32.75,5.1,74.86
63.85,8.36,222.48,-8.38,-0.18,37.3,2.66,54.28
325.26,14.18,260.58,-10.69,-0.94,42.7,0.82,50.83
378.35,18.11,221.98,-14.79,0.16,24.57,3.0,39.09
200.06,11.13,235.37,-12.34,0.1,33.8,3.31,56.88
110.08,7.4,214.5,-13.46,-1.02,46.57,4.33,55.5
378.47,18.33,261.44,-12.22,-1.17,21.18,0.52,41.98
288.81,17.2,218.93,-5.72,-0.13,38.6,3.23,56.77
144.6,10.42,212.65,-15.77,-0.23,32.99,2.48,45.08
400.48,21.82,222.94,-10.81,0.03,24.57,2.26,44.45
432.8,21.64,257.74,-8.66,-0.79,19.4,0.79,46.98
183.04,16.58,202.39,-15.07,-1.21,40.01,3.62,65.78
243.17,9.13,212.13,-16.85,0.12,34.02,2.72,55.91
335.39,15.36,225.1,-7.3,-1.17,50.59,4.25,53.03
275.72,16.23,210.01,-7.35,-0.9,43.78,3.94,54.64
190.13,10.83,251.1,-18.4,-1.19,27.16,0.49,57.53
278.1,14.67,274.26,-10.47,-0.96,36.94,5.04,71.68
304.75,13.9,200.33,-8.14,-0.97,38.07,3.92,50.96
431.85,19.28,255.11,-18.02,-0.95,17.81,0.9,55.14
410.29,18.17,283.78,-11.51,-0.94,20.54,4.31,63.82
271.62,12.98,253.4,-7.52,-0.89,39.89,1.01,62.07
450.35,18.45,295.43,-15.56,-1.16,28.0,4.85,59.6
132.66,9.38,223.88,-21.86,-1.19,34.38,3.81,59.14
237.91,12.51,196.07,-16.47,-1.05,36.45,3.55,59.78
118.65,6.9,215.57,-5.67,-1.14,34.31,3.35,46.49
176.53,7.08,288.44,-13.34,-1.05,32.48,5.19,65.74
170.73,15.29,256.87,-12.69,-1.11,29.35,0.32,56.41
93.19,8.05,214.74,-7.16,-0.17,40.86,2.59,51.82
419.92,13.72,270.35,-11.35,-0.94,23.03,4.58,56.98
267.28,16.46,209.53,-12.26,-1.37,47.7,4.5,58.33
379.11,16.73,224.41,-13.7,-0.13,29.55,3.44,44.52
222.85,11.51,211.6,-15.14,-0.27,36.71,3.18,64.49
282.8,16.67,202.9,-9.6,0.2,43.62,3.18,55.97
375.91,17.32,239.2,-13.14,-1.15,24.95,0.42,49.66
402.23,17.67,294.16,-9.38,-0.57,23.15,5.12,56.22
70.73,8.27,255.78,-9.59,-0.8,45.77,0.69,49.57
127.3,7.08,215.22,-12.26,-1.03,50.61,4.44,59.89
100.55,5.7,204.83,-11.41,-1.12,44.6,4.03,57.15
50,8.11,218.23,-8.63,-0.1,43.93,3.6,51.7
68.53,8.8,244.13,-11.73,-1.18,41.9,0.88,49.45
90.52,9.18,234.16,-5.99,0.24,40.0,3.11,53.16
102.83,7.99,254.97,-11.26,-1.01,50.76,0.95,61.5
109.51,10.27,216.78,-12.71,-0.15,55.11,2.01,61.37
284.14,15.96,243.12,-7.83,-0.89,38.42,0.64,60.69
143.69,5.39,210.43,-2.23,-0.09,45.3,2.62,50.65
351.29,12.61,205.09,-12.55,-0.29,39.23,2.66,49.4
272.64,16.23,249.15,-5.46,-1.1,29.91,1.46,72.68
243.35,20.23,244.85,-8.22,-0.83,41.47,0.89,60.06
113.81,8.0,241.65,-3.85,0.33,44.75,3.27,48.35
440.0,18.39,285.35,-12.08,-0.73,28.94,5.03,44.64
182.46,12.12,208.52,-15.66,-1.33,33.38,3.83,57.38
224.49,13.74,239.31,-16.46,0.16,31.68,3.25,68.05
84.68,9.41,211.02,-8.48,0.26,48.93,2.57,59.52
89.07,5.93,198.57,-3.83,-0.92,45.54,3.57,60.59
212.34,12.31,218.97,-12.07,-0.01,37.73,2.99,66.44
405.7,16.42,295.34,-12.18,-1.19,26.05,4.88,58.27
176.42,8.4,238.45,-18.53,-0.12,34.95,3.13,56.22
378.82,21.84,204.61,-14.3,-0.13,32.59,2.42,48.31
292.06,14.6,248.19,-10.46,-0.79,45.73,1.25,56.03
352.68,15.33,239.78,-11.67,-0.03,27.71,3.42,48.82
227.46,11.04,226.69,-13.14,0.05,40.39,2.74,56.65
144.71,9.31,215.12,-7.36,-0.2,43.59,3.19,56.0
230.23,14.33,278.25,-14.47,-0.94,41.68,4.73,80.33
76.81,4.42,256.52,-6.44,-0.87,40.91,0.75,60.16
414.52,19.37,204.58,-11.9,-0.9,27.93,3.52,50.0
400.07,16.43,201.62,-12.13,-0.69,21.79,3.79,42.32
194.49,11.39,215.47,-13.39,0.04,33.42,3.63,55.74
111.63,4.71,204.8,-11.49,0.34,39.5,2.74,53.73
201.48,9.71,212.97,-15.75,-0.24,32.5,2.46,49.39
375.79,18.51,216.92,-14.25,-1.08,26.95,4.15,41.96
233.05,12.15,208.91,-16.3,-1.01,28.76,4.14,62.26
303.82,13.69,212.63,-11.63,0.17,33.91,2.84,58.94
201.65,12.52,249.26,-12.64,-0.92,33.59,0.95,62.88
298.59,12.98,294.95,-9.64,-1.02,34.55,4.72,62.22
162.22,13.45,213.2,-18.3,-1.12,39.66,4.15,60.5
362.02,14.87,296.17,-11.27,-1.03,25.0,5.22,55.15
115.94,10.1,226.73,-10.88,0.14,46.71,2.55,51.74
413.45,18.65,218.03,-20.9,-0.19,27.08,2.97,53.04
312.33,16.41,206.66,-14.21,0.25,49.62,3.24,46.89
385.45,18.6,294.36,-8.39,-0.82,25.17,4.68,56.53
335.52,17.6,207.53,-13.07,-0.01,26.19,2.38,46.48
76.16,8.97,218.58,-9.29,0.04,51.67,2.36,46.13
389.58,21.01,216.23,-16.43,0.21,27.75,3.38,49.2
87.69,6.31,288.38,-9.4,-1.04,46.57,4.66,61.75
341.34,14.37,266.59,-14.1,-1.05,32.54,0.85,61.44
436.01,16.87,265.59,-10.63,-1.24,28.03,1.37,45.5
317.71,14.62,210.02,-9.9,-0.71,30.21,4.09,58.7
199.39,12.29,216.6,-14.29,-0.03,32.96,3.04,52.71
168.41,15.03,201.38,-16.77,-0.52,31.47,4.1,58.24
119.47,7.29,208.71,-10.35,-0.6,47.38,3.77,57.8
84.95,6.38,224.67,-7.16,-0.09,42.97,3.47,61.06
57.89,8.42,224.91,-5.9,0.05,49.39,3.05,50.08
377.6,16.92,280.13,-13.92,-0.59,21.68,4.45,49.54
253.77,15.58,296.68,-14.74,-0.9,28.04,4.67,87.39
374.0,18.7,303.45,-13.07,-0.74,29.53,5.13,73.58
115.66,8.89,221.6,-18.49,-1.22,45.8,3.9,53.91
413.86,20.46,224.04,-11.0,-1.1,24.83,3.64,51.86
95.21,7.46,273.64,-11.35,-1.63,42.64,4.7,69.7
294.27,16.27,229.81,-11.32,-0.14,38.84,3.84,44.0
192.29,9.31,208.08,-17.08,0.02,29.33,3.07,51.46
274.54,13.83,246.0,-10.37,-0.0,26.64,3.27,58.03
387.39,19.27,240.98,-11.82,-0.04,15.89,2.71,44.51
95.9,4.66,182.34,-6.34,-1.24,48.45,4.06,51.07
51.84,7.38,291.46,-9.49,-1.14,37.54,4.63,60.17
299.33,12.99,247.98,-9.86,-1.01,40.57,1.79,47.03
193.28,15.25,274.81,-12.25,-0.6,39.01,4.23,65.01
399.46,20.27,228.56,-9.49,0.16,17.81,3.44,43.79
199.17,9.44,255.31,-15.89,-1.22,25.73,0.86,72.55
215.41,16.85,302.69,-15.93,-0.98,35.33,4.46,75.7
161.3,12.32,229.54,-21.01,-0.01,34.67,2.87,56.05
354.17,16.0,191.08,-7.97,-0.9,36.96,3.87,45.44
171.83,12.2,208.3,-14.22,-0.2,31.15,2.93,47.88
448.53,16.19,245.84,-10.81,0.08,27.87,3.5,49.09
210.79,13.17,242.84,-13.52,0.14,34.59,3.37,56.6
338.95,14.12,240.33,-13.02,0.03,41.9,2.46,56.45
187.29,12.18,227.32,-14.3,0.19,30.32,2.05,50.9
262.99,18.62,241.65,-10.48,-0.95,42.71,1.44,65.63
73.12,4.92,296.16,-12.36,-0.86,47.51,4.88,65.44
385.9,16.41,294.33,-11.19,-0.95,31.11,4.39,57.13
127.05,6.9,221.53,-7.8,-1.11,41.39,3.66,53.58
404.53,20.76,213.0,-8.41,0.0,27.66,2.22,43.97
387.92,22.99,212.86,-14.36,-0.43,19.85,2.62,45.08
402.95,18.09,216.26,-10.58,-0.84,19.36,4.07,48.97
184.92,11.35,220.92,-15.72,-0.1,30.59,3.21,51.95
159.42,8.62,217.88,-15.78,-0.13,35.79,3.32,50.96
395.29,17.7,247.88,-15.97,-1.17,19.08,0.55,53.74
186.15,15.6,197.51,-10.44,-1.1,33.29,3.89,52.19
359.02,17.52,281.04,-7.11,-1.18,33.08,4.39,58.55
131.27,8.65,274.09,-12.9,-0.87,45.15,4.73,68.03
449.15,20.12,197.57,-10.03,-1.27,30.24,3.79,49.37
108.83,11.79,210.6,-11.3,-0.85,43.68,4.05,59.91
319.2,11.23,248.53,-13.75,-0.16,37.22,3.8,62.38
94.77,6.1,220.66,-4.74,0.28,41.4,3.16,47.51
379.98,19.32,284.1,-10.09,-1.13,21.59,4.71,62.59
50,9.46,226.51,-11.39,0.11,45.66,2.92,54.29
411.64,16.03,243.45,-9.97,0.18,23.94,3.1,45.83
266.57,13.71,213.3,-9.71,0.13,39.25,2.48,60.04
327.4,13.73,283.04,-7.48,-1.17,33.72,5.02,60.58
279.98,17.57,231.82,-9.14,0.11,45.85,3.13,59.27
233.14,13.12,285.05,-16.37,-1.08,37.91,5.0,75.76
411.5,17.65,210.29,-10.32,-1.28,10.97,3.67,53.55
304.55,15.23,233.4,-9.45,-0.04,46.09,2.75,52.81
201.57,11.52,235.12,-14.62,0.05,38.76,3.2,53.02
217.91,9.39,194.56,-14.71,-1.07,27.57,4.18,53.83
90.95,8.18,216.53,-4.0,-0.05,49.05,2.2,49.22
152.03,13.65,215.83,-13.83,0.02,46.56,3.29,48.98
278.45,15.64,290.44,-7.91,-0.93,44.52,4.87,75.25
386.01,15.79,285.66,-13.18,-1.24,19.29,4.88,62.54
211.11,13.52,294.29,-11.27,-1.34,29.98,4.41,69.1
76.56,9.49,209.09,-10.71,-0.02,50.83,3.38,52.6
162.48,11.78,244.57,-14.74,-0.92,31.76,0.34,47.88
69.58,2.52,193.49,-11.36,0.05,42.67,2.74,55.24
302.23,16.88,239.06,-5.98,-1.09,39.17,0.87,48.95
268.62,13.5,224.49,-6.96,-0.0,38.2,3.16,59.77
381.2,19.15,219.05,-15.15,0.15,26.96,2.09,45.52
325.56,14.43,289.75,-10.18,-0.8,44.21,4.99,54.5
127.25,10.51,294.5,-6.37,-0.76,47.05,4.9,62.42
120.16,9.45,242.44,-7.85,-0.97,39.71,0.55,44.52
298.54,14.95,239.51,-9.78,-0.9,42.36,0.79,44.38
105.96,7.53,211.44,-6.94,-0.83,58.59,4.03,47.45
294.64,15.19,251.7,-6.17,-1.0,41.27,1.19,47.32
296.9,15.83,300.45,-10.29,-0.77,39.03,5.21,67.87
301.92,15.76,275.32,-12.42,-1.0,45.25,4.79,67.7
126.5,9.86,241.9,-9.44,-0.86,51.86,1.21,41.24
402.19,18.82,241.37,-15.66,-0.08,31.95,3.66,45.67
208.99,12.22,216.1,-19.73,-1.14,41.25,3.64,59.73
324.6,13.87,202.69,-6.26,-1.04,35.54,3.96,62.04
277.56,14.04,197.43,-10.5,-1.02,43.25,4.44,61.68
381.03,20.08,212.92,-14.26,-0.01,21.82,2.22,46.27
335.72,18.04,221.34,-8.72,0.05,38.45,2.56,44.85
138.27,5.92,224.21,-9.18,-0.0,39.28,3.15,53.11
209.24,12.02,216.4,-12.06,0.25,33.41,2.33,40.6
96.5,7.12,289.16,-13.39,-0.91,50.95,4.81,63.45
193.08,13.19,218.51,-14.47,0.01,41.59,2.81,47.67
269.4,13.79,215.53,-7.3,-0.1,34.38,2.26,46.75
93.67,7.25,203.93,-5.58,-1.01,50.41,3.97,49.64
165.44,9.41,235.22,-14.07,-0.15,28.82,3.43,43.32
270.27,13.73,252.66,-5.22,-0.86,41.01,0.27,70.13
369.07,17.93,297.37,-12.78,-0.94,22.61,5.2,62.39
368.44,16.29,215.76,-11.28,0.28,22.14,3.15,45.54
85.97,7.05,201.75,-4.45,-0.02,42.39,2.62,45.92
75.78,6.94,217.0,-2.49,-1.09,38.48,3.77,50.84
443.93,15.64,222.99,-12.97,-0.06,22.29,2.68,48.27
422.12,19.12,254.14,-17.77,-0.78,28.19,0.86,51.1
233.35,8.81,221.23,-11.4,0.06,35.42,3.2,67.66
100.3,8.09,294.8,-6.12,-0.89,35.13,4.7,59.35
61.99,8.9,222.07,-2.73,0.15,48.62,3.21,50.32
377.8,18.9,201.25,-8.6,-1.06,27.21,3.93,56.11
305.68,12.98,255.11,-3.19,-0.9,31.32,0.83,53.06
313.07,11.86,255.63,-10.38,-1.06,41.77,0.92,57.67
260.99,14.9,217.19,-3.9,0.08,46.62,3.55,56.05
303.74,11.69,282.94,-11.77,-1.15,32.81,4.78,65.12
376.76,16.85,257.06,-16.28,-1.14,28.08,0.36,57.09
65.53,5.22,195.55,-11.07,-0.77,44.41,4.32,59.66
417.03,19.09,286.69,-10.56,-1.05,24.87,5.05,59.11
442.15,14.92,231.63,-10.71,0.15,29.9,3.58,51.74
71.01,8.18,277.66,-8.68,-1.24,45.38,4.69,58.93
59.45,10.14,281.51,-8.13,-1.04,48.11,4.99,62.27
200.12,14.33,223.54,-17.69,-0.1,34.78,1.96,48.19
118.64,2.62,234.5,-4.5,0.08,44.02,3.28,65.13
392.67,20.69,229.58,-12.07,0.02,26.4,2.97,47.12
329.93,11.44,290.74,-8.73,-0.87,35.34,4.46,58.04
416.36,21.21,250.96,-12.79,-0.91,29.83,1.52,49.18
104.07,7.77,257.1,-13.6,-0.84,54.75,0.93,57.79
298.4,13.31,255.83,-8.89,-1.06,39.32,1.88,49.26
107.76,9.64,294.55,-4.1,-1.08,42.91,4.82,63.05
89.76,11.45,249.76,-3.79,-0.98,51.05,0.66,59.98
423.4,19.86,223.6,-15.18,0.2,22.07,3.88,39.33
396.37,19.14,219.99,-12.33,-0.12,22.92,2.78,51.54
50,5.64,248.46,-9.35,-1.14,55.78,0.94,56.54
104.09,10.75,234.18,-5.14,0.0,51.4,3.67,55.95
384.38,16.96,236.78,-9.31,0.33,36.58,3.2,41.7
175.34,9.7,237.1,-14.92,0.08,28.08,3.21,60.53
170.66,16.21,268.68,-17.06,-1.29,37.43,4.87,74.23
369.02,16.84,250.43,-15.01,-1.05,15.36,1.06,55.18
243.36,12.57,284.63,-12.42,-1.1,32.82,4.62,79.6
252.24,12.43,288.07,-14.8,-0.86,38.75,4.73,84.77
216.14,12.2,205.04,-7.63,-1.28,39.13,4.52,61.02
209.73,15.86,209.45,-14.71,-0.99,33.27,4.11,68.33
388.46,15.26,204.46,-9.49,-0.99,21.86,3.92,40.69
105.17,6.97,192.08,-12.33,-1.09,45.02,3.63,54.33
107.4,7.1,225.55,-7.0,0.29,40.31,2.55,52.93
182.08,9.7,287.75,-19.24,-0.63,42.96,4.29,69.48
358.22,16.57,204.66,-12.58,-0.83,43.09,3.97,55.21
172.76,12.15,254.4,-14.91,-0.98,26.56,0.95,50.32
137.77,6.96,306.01,-8.9,-1.04,48.87,4.53,57.65
400.65,17.46,308.66,-15.98,-1.02,30.21,4.93,53.65
108.97,5.28,197.46,-3.65,-0.83,43.41,4.27,61.19
86.38,5.82,266.67,-3.77,-1.35,51.31,0.71,54.92
390.26,16.06,269.04,-12.91,-0.64,22.66,1.03,54.09
136.13,5.35,295.1,-8.7,-1.1,45.77,4.35,55.21
379.38,21.77,211.58,-7.74,0.08,22.21,2.64,39.74
189.94,11.96,209.43,-18.4,0.09,31.09,3.02,59.91
332.83,15.11,307.69,-9.39,-1.12,41.71,4.5,65.01
316.8,16.28,200.05,-13.15,-0.85,31.83,3.73,58.17
91.87,10.84,207.65,-4.07,-0.97,47.62,4.06,47.28
168.45,13.78,267.96,-18.68,-0.82,41.72,0.99,57.67
313.68,12.48,230.7,-9.56,-0.05,45.57,3.3,56.44
404.12,19.71,240.37,-9.54,-1.15,37.1,1.14,49.45
154.1,14.95,253.71,-20.98,-0.84,28.65,1.16,53.2
182.36,12.0,236.0,-15.55,0.01,37.01,2.65,51.5
426.5,20.28,271.16,-4.72,-0.96,26.26,4.45,53.71
369.08,15.26,203.99,-11.77,-1.27,22.3,3.67,56.16
80.14,11.71,223.22,-12.53,-0.29,47.45,3.14,56.96
311.46,16.4,220.44,-10.9,-0.17,24.14,3.99,46.22
401.18,17.12,276.73,-13.65,-1.33,31.61,4.68,59.96
428.23,18.06,247.79,-13.64,-1.08,32.09,0.95,50.69
383.97,17.72,295.76,-13.48,-0.97,29.75,5.03,60.69
146.76,9.96,258.79,-9.87,-0.76,43.42,0.53,44.36
399.97,18.46,192.22,-11.62,-0.61,30.47,4.53,51.73
90.77,7.69,214.12,-6.01,-0.01,47.29,3.34,51.27
317.79,13.7,249.01,-14.43,-0.88,46.02,0.41,53.58
385.24,16.95,242.96,-9.27,-0.9,29.43,0.79,39.65
235.52,12.75,264.25,-13.62,-1.21,33.93,0.72,70.16
295.29,15.9,213.95,-13.51,0.42,44.03,3.33,44.67
287.72,14.7,202.64,-7.61,-1.31,35.23,4.08,61.58
92.75,7.81,232.08,-4.39,0.15,38.86,2.28,51.74
397.43,16.78,275.77,-14.01,-0.85,25.88,4.81,48.75
313.36,16.2,200.86,-14.53,-0.96,39.37,4.43,59.45
415.78,17.69,212.17,-11.8,-0.95,24.61,3.32,44.01
259.52,13.95,282.4,-6.64,-0.92,44.64,4.52,76.01
103.49,8.44,257.38,-9.8,-0.72,47.23,1.02,47.37
107.47,6.78,189.56,-5.69,-1.25,45.13,3.95,57.47
190.52,10.16,280.05,-11.9,-1.49,23.86,4.71,68.75
377.78,15.67,296.07,-6.06,-1.53,25.61,4.89,50.67
206.34,8.99,211.5,-20.23,-1.35,37.39,4.14,61.61
355.74,15.02,222.15,-2.99,-0.09,39.4,2.74,43.18
219.31,13.54,213.44,-15.71,-0.01,29.46,3.66,62.34
306.55,12.55,282.59,-13.26,-0.88,38.96,4.68,62.18
352.41,16.55,233.84,-8.21,0.26,25.38,3.33,49.1
224.11,12.72,219.13,-18.78,-1.2,33.94,4.07,63.08
98.25,7.6,286.35,-6.28,-0.95,44.42,4.53,53.13
294.31,17.43,286.27,-9.41,-0.74,44.83,4.68,66.75
178.22,13.68,215.93,-15.74,0.01,34.3,3.11,55.46
199.95,11.77,281.23,-14.58,-1.02,32.51,4.61,76.68
441.08,19.14,218.56,-12.39,-0.31,27.16,3.1,44.07
318.11,13.17,229.41,-12.21,0.04,37.67,2.96,56.06
338.87,15.86,295.96,-16.09,-1.39,18.01,4.85,58.17
286.31,11.47,208.85,-5.63,-1.41,44.27,3.82,55.32
98.78,8.84,203.27,-7.77,0.23,39.33,2.29,35.65
239.57,14.74,284.77,-11.07,-1.26,39.12,4.93,71.12
417.17,14.65,226.82,-10.28,-0.27,34.74,2.86,39.85
237.09,9.25,233.47,-15.25,-0.08,41.61,2.52,54.91
285.71,19.31,291.57,-7.88,-1.16,39.59,4.83,74.24
347.17,17.52,208.94,-13.54,0.16,26.75,2.51,51.44
305.32,14.48,226.6,-8.82,-0.07,45.99,3.19,53.86
365.16,20.06,291.67,-15.85,-1.6,20.86,5.07,59.87
295.13,17.38,252.4,-15.07,-0.72,34.98,1.61,58.29
181.24,11.79,226.71,-14.26,-0.02,40.45,2.76,52.21
333.14,15.27,224.49,-10.17,0.09,36.06,3.26,51.51
95.18,9.54,189.12,-11.64,-0.97,47.5,3.79,56.92
347.1,16.46,252.14,-12.65,0.21,25.03,3.75,51.86
158.77,17.74,255.46,-14.31,-1.22,32.94,1.09,61.72
182.08,13.86,231.83,-16.85,-0.49,37.99,2.28,61.91
135.68,11.33,231.41,-3.76,0.29,40.26,3.12,44.14
288.96,18.68,237.68,-7.51,0.04,39.22,2.49,53.17
50,8.98,216.21,-4.86,-0.04,42.81,3.5,57.01
68.13,5.68,291.67,-3.55,-0.7,40.96,4.88,56.63
111.34,9.69,211.54,-7.33,-1.0,49.82,4.14,65.4
392.15,20.47,300.59,-17.54,-0.99,19.94,5.19,58.91
92.74,5.36,220.15,-7.13,-1.0,44.02,4.32,56.0
